,shape_boundary,naive_shape_boundary
OCF_zero_order,6.646071586743318,
OCF_first_order,5.902991491480964,
TRPO_0_99,6.012160260594803,6.368261532955089
TRPO_0_9,6.310807695327261,
TRPO_0_8,7.185198110416617,
TRPO_0_6,,
PPO_0_99,16.023930876093356,18.676731907151986
PPO_0_9,23.027798024464584,
PPO_0_8,20.21841773516913,
PPO_0_6,,
SAC_0_99,13.754507453244841,11.093906352680769
SAC_0_9,5.067111058891424,
SAC_0_8,11.19445554835962,
SAC_0_6,,
